neuron_id,F1 Score,session_name
1031,0.6130389869273819,hamilton_04
1032,0.6433489652075135,hamilton_04
1034,0.5018627159523076,hamilton_04
1035,0.24061345802201162,hamilton_04
1036,0.28774006129916685,hamilton_04
1037,0.3766356100762215,hamilton_04
1038,0.25465909124884356,hamilton_04
1040,0.21868370336863013,hamilton_04
1041,0.2361260559705083,hamilton_04
1044,0.6132724364499003,hamilton_04
1045,0.32617774257870175,hamilton_04
1046,0.6406588043096173,hamilton_04
1047,0.30727119482920323,hamilton_04
1048,0.20660612047555146,hamilton_04
1049,0.5268483145769538,hamilton_04
1050,0.43974810551653293,hamilton_04
1051,0.2945114540059497,hamilton_09
1052,0.47588928455342305,hamilton_09
1053,0.5168062809380053,hamilton_09
1054,0.4943091003646177,hamilton_09
1055,0.44575986720745087,hamilton_09
1056,0.3584734115121454,hamilton_09
1057,0.5178002431894381,hamilton_09
1058,0.5534679505633819,hamilton_09
1059,0.472682188351052,hamilton_09
1060,0.5052795089092447,hamilton_09
1061,0.43415628410257534,hamilton_09
1062,0.4950723404088606,hamilton_09
1064,0.2903000157870669,hamilton_09
1065,0.287455223660206,hamilton_09
1068,0.4701788779764263,hamilton_09
1613,0.35881518279770064,hamilton_31
1614,0.360708117442303,hamilton_31
1615,0.3537676051475402,hamilton_31
1616,0.34095459658494154,hamilton_31
1617,0.24997006714627407,hamilton_31
1619,0.4653095429365961,hamilton_31
1620,0.47283747175893326,hamilton_31
1621,0.30818733123189646,hamilton_31
1622,0.41794332235370896,hamilton_31
1623,0.41669652232153886,hamilton_31
1625,0.44841933441462317,hamilton_31
1626,0.5226216577157865,hamilton_31
1632,0.3570723702404617,hamilton_31
1636,0.4088976878973777,hamilton_31
1638,0.5779692187477636,hamilton_31
1639,0.3519112158477352,hamilton_31
1640,0.5276271371085631,hamilton_31
1641,0.44480074040397727,hamilton_31
1642,0.31852829643087877,hamilton_31
1644,0.3962033632766466,hamilton_31
1645,0.4612170949575579,hamilton_31
1647,0.521990952185762,hamilton_31
1648,0.46749320915366466,hamilton_31
1649,0.3858324029509232,hamilton_31
1650,0.3852082208004851,hamilton_31
1651,0.5951273625144531,hamilton_31
1655,0.5294292801468019,hamilton_31
1657,0.39011483395115726,hamilton_31
1658,0.3709553920222587,hamilton_31
1659,0.3903245773026339,hamilton_31
1660,0.6295851842785964,hamilton_31
1661,0.6103114919789265,hamilton_31
1663,0.5750342307908133,hamilton_31
1664,0.4183064398825841,hamilton_31
1666,0.38533937178845634,hamilton_31
1667,0.38233368601844336,hamilton_31
1668,0.5312274479585214,hamilton_31
1669,0.5207748787134056,hamilton_31
1670,0.5564904794127072,hamilton_31
1671,0.36265705684624117,hamilton_31
1675,0.4165569729209381,hamilton_31
1676,0.4100612627607948,hamilton_31
1678,0.4056230270164747,hamilton_31
1679,0.36553308379403543,hamilton_31
1680,0.45809734132967933,hamilton_31
1681,0.4049911219490069,hamilton_31
1682,0.3943486832829698,hamilton_31
1683,0.3276720476251803,hamilton_31
1684,0.46901937628979,hamilton_31
1685,0.4246580261162398,hamilton_31
1686,0.4280666382855399,hamilton_31
1687,0.4594890214050721,hamilton_31
1690,0.7198080281902269,hamilton_38
1691,0.4979032728068238,hamilton_38
1693,0.7164307799006667,hamilton_38
1695,0.5101389820344605,hamilton_38
1697,0.5031073765340567,hamilton_38
1698,0.49815716713408065,hamilton_38
1700,0.7600239821106455,hamilton_38
1706,0.48216029009353295,hamilton_38
1708,0.4995673036927924,hamilton_38
1709,0.6222030000345316,hamilton_38
1712,0.5380992136890649,hamilton_38
1713,0.4491899050660925,hamilton_38
1715,0.7167406513985416,hamilton_38
1720,0.613366319869665,hamilton_38
1721,0.5142433231548764,hamilton_38
1725,0.5136545646092727,hamilton_38
1726,0.5792092052631341,hamilton_38
1727,0.44886953394965656,hamilton_38
1728,0.4412413342024427,hamilton_38
1732,0.927150649332593,hamilton_38
1733,0.45323555597898346,hamilton_38
1735,0.7324476546355383,hamilton_38
1736,0.6424011185735545,hamilton_38
1737,0.6025291612228699,hamilton_38
1739,0.5322306463950047,hamilton_38
1741,0.6270591816707588,hamilton_38
1743,0.7402647068165906,hamilton_38
1748,0.5084168792117818,hamilton_38
1749,0.3913841612382148,hamilton_38
1751,0.5321567270651089,hamilton_38
1752,0.524300686453941,hamilton_38
1754,0.49139335119434585,hamilton_38
1755,0.5393989129347656,hamilton_38
1760,0.5893814006664049,hamilton_37
1767,0.6030517219777348,hamilton_37
1769,0.5342157383037207,hamilton_37
1772,0.49150707953243933,hamilton_37
1774,0.44660501691542603,hamilton_37
1775,0.6756980202709729,hamilton_37
1792,0.5867818381812206,hamilton_37
1795,0.4285171310190815,hamilton_37
1800,0.6994248595610174,hamilton_37
1810,0.4280822695909453,hamilton_37
1811,0.39828415277399465,hamilton_37
1812,0.4354145020588864,hamilton_37
1813,0.37562937628363946,hamilton_37
1814,0.5216584107423511,hamilton_37
1815,0.42522910334013764,hamilton_37
1816,0.45626321168893363,hamilton_37
1817,0.43420545368165114,hamilton_37
1818,0.5357702576689939,hamilton_37
1819,0.4619479921153239,hamilton_37
1820,0.506804581136424,hamilton_37
1821,0.4587816640146503,hamilton_37
1822,0.5756530429685978,hamilton_37
1823,0.5543946680719747,hamilton_37
1824,0.4795218683477166,hamilton_37
1825,0.763113500807364,hamilton_37
1826,0.5631576327692696,hamilton_37
1827,0.4415830534235773,hamilton_37
1828,0.43106205848233914,hamilton_37
1829,0.4515406117506142,hamilton_37
1830,0.33760018421533033,hamilton_37
1831,0.4044021710529856,hamilton_37
1832,0.5422272026146666,hamilton_37
1833,0.4175161867334866,hamilton_37
1834,0.38178709928573346,hamilton_37
1835,0.6736547393149626,hamilton_37
1836,0.35071546011987154,hamilton_37
1837,0.5298052218851165,hamilton_37
1839,0.4980896142697836,hamilton_35
1841,0.4110228351899955,hamilton_35
1842,0.6063477368450634,hamilton_35
1843,0.4920657282210512,hamilton_35
1844,0.7725027860670861,hamilton_35
1846,0.4142555312856013,hamilton_35
1847,0.4683385279707952,hamilton_35
1848,0.7017339062134369,hamilton_35
1850,0.6358197651220187,hamilton_35
1854,0.5540021777300346,hamilton_35
1856,0.6249281545758099,hamilton_35
1857,0.38926336698957537,hamilton_35
1858,0.655869691712197,hamilton_35
1860,0.42425876220977987,hamilton_35
1861,0.6802576536698106,hamilton_35
1864,0.6416401385004559,hamilton_35
1865,0.598737958029026,hamilton_35
1866,0.5506685204591165,hamilton_35
1867,0.5337367125319146,hamilton_35
1868,0.49479789280848185,hamilton_35
1869,0.46978059048002396,hamilton_35
1871,0.6308790608731635,hamilton_35
1872,0.5112405565322764,hamilton_35
1873,0.4161149952766602,hamilton_35
1874,0.4289725003568975,hamilton_35
1875,0.5374657036498598,hamilton_35
1878,0.4815650671328157,hamilton_35
1879,0.6262177430581757,hamilton_35
1881,0.6755594826069634,hamilton_35
1882,0.44769120879273006,hamilton_35
1883,0.6655578574533608,hamilton_35
1884,0.3146581788083792,hamilton_35
1885,0.4597789192390723,hamilton_35
1887,0.4910515346341032,hamilton_35
1888,0.426499258144495,hamilton_35
1889,0.4895041351813288,hamilton_35
1890,0.6632178938569456,hamilton_35
1893,0.44593172835536377,hamilton_35
1894,0.6018874234688888,hamilton_35
1895,0.7861515327622698,hamilton_35
1896,0.6791272882620014,hamilton_35
1897,0.5886279670490293,hamilton_35
1899,0.715412503062084,hamilton_35
1900,0.4534478926653326,hamilton_35
1902,0.487288206520535,hamilton_35
1903,0.7490334633000125,hamilton_35
1904,0.6180805084549812,hamilton_35
1906,0.6786668624258729,hamilton_35
1908,0.6127026925335995,hamilton_35
1909,0.568969773107296,hamilton_35
1910,0.6119131037961303,hamilton_35
1911,0.3886116020705549,hamilton_36
1914,0.5363828026579063,hamilton_36
1917,0.3679087084683179,hamilton_36
1919,0.44980650435131153,hamilton_36
1921,0.5842063000345654,hamilton_36
1924,0.5168819981710314,hamilton_36
1928,0.41600198309095593,hamilton_36
1929,0.3802418201412661,hamilton_36
1930,0.44637499119510143,hamilton_36
1931,0.46642108302878127,hamilton_36
1934,0.35126931516329074,hamilton_36
1938,0.5642740169253816,hamilton_36
1940,0.5101363967614956,hamilton_36
1942,0.29443245862820666,hamilton_36
1945,0.5436757907265493,hamilton_36
1946,0.41159053785394584,hamilton_36
1947,0.20219927870670934,hamilton_36
1949,0.48893082746589106,hamilton_36
1950,0.5274301303968698,hamilton_36
1951,0.5542130715211107,hamilton_36
1952,0.48417140729917013,hamilton_36
1956,0.5124841063796882,hamilton_36
1959,0.7070601823006994,hamilton_36
1960,0.4047487245843831,hamilton_36
1961,0.3335425848167976,hamilton_32
1962,0.4185239264766875,hamilton_32
1963,0.34296930631168376,hamilton_32
1966,0.43308182777435045,hamilton_32
1968,0.41528573678375047,hamilton_32
1969,0.3974946239103375,hamilton_32
1970,0.3060486732181661,hamilton_32
1973,0.29414434344449514,hamilton_32
1974,0.5696496644300526,hamilton_32
1975,0.17375669393266244,hamilton_32
1978,0.6147246931028185,hamilton_32
1980,0.5166351893986957,hamilton_32
1982,0.6384304290047533,hamilton_32
1983,0.5815783690412113,hamilton_32
1984,0.629313279479786,hamilton_32
1985,0.3303981543336869,hamilton_32
1987,0.4719626449615153,hamilton_32
1988,0.5810528008628,hamilton_32
1989,0.3106210614974589,hamilton_32
1990,0.46116578052848417,hamilton_32
1991,0.3463025579596961,hamilton_32
1992,0.6087329685726461,hamilton_32
1993,0.21397839058007792,hamilton_32
1995,0.4075090119767607,hamilton_32
1997,0.4707921559477805,hamilton_32
1998,0.5102388942348977,hamilton_32
1999,0.5112694224357927,hamilton_32
2000,0.3054632412751471,hamilton_32
2001,0.30875027513323394,hamilton_32
2002,0.528248649259609,hamilton_32
2003,0.5133596678983613,hamilton_32
